smi,mu,alpha,homo,lumo,gap,r2,zpve,u0,u298,h298,g298,cv
O=C(O)CCC,4.769931,71.028,-0.26474136,-0.07180658,0.19366309,1116.128,0.067295,-455.21826,-454.96674,-454.93094,-455.2984,25.358398
O=C(O)CCCC,4.971653,73.43377,-0.2669614,-0.073890984,0.19384971,1196.3062,0.0732354,-449.44058,-449.31204,-449.23938,-449.54324,25.694302
O=C(O)CCCCC,5.2371836,75.44909,-0.26635858,-0.07276623,0.19430482,1281.5747,0.079891905,-443.68478,-443.6336,-443.54514,-443.796,26.355312
O=C(O)CCCCCC,5.5895414,76.27199,-0.26350012,-0.06660598,0.19753295,1344.3341,0.08678694,-439.01654,-439.0433,-438.93744,-439.1521,27.013805
O=C(O)CCCCCCC,5.649559,76.24556,-0.26225054,-0.060204238,0.20261885,1392.9761,0.09317882,-435.1404,-435.2054,-435.09824,-435.26633,27.856176
O=C(O)CCCCCCCC,5.2911034,76.77113,-0.2604756,-0.05375296,0.20719764,1487.1074,0.10051406,-430.50854,-430.59537,-430.4845,-430.6233,28.716946
O=C(O)CCCCCCCCC,5.344325,76.20799,-0.25762165,-0.04362812,0.21440068,1522.6865,0.10760877,-426.41803,-426.52133,-426.4131,-426.52682,29.321398
O=C(O)CCCCCCCCCC,5.166279,76.36943,-0.2543188,-0.033491634,0.22118333,1555.0681,0.11445395,-422.9598,-423.07117,-422.96436,-423.07388,29.88532
O=C(O)CCCCCCCCCCC,4.919032,76.11539,-0.2517563,-0.024300717,0.22780345,1547.0695,0.1217105,-419.9719,-420.09467,-419.9814,-420.09427,30.262314
O=C(O)CCCCCCCCCCCC,4.680345,76.35677,-0.25301033,-0.014943976,0.23838933,1569.8961,0.1287832,-416.5352,-416.67746,-416.56747,-416.66455,30.87184
O=C(O)CCCCCCCCCCCCC,4.3812184,76.159874,-0.25552556,-0.0074483696,0.24833615,1553.9812,0.13486302,-412.0727,-412.20636,-412.10773,-412.1919,31.143152
O=C(O)CCCCCCCCCCCCCC,4.0451183,76.726524,-0.25839686,-0.0001775017,0.2584055,1606.5541,0.14232084,-407.17923,-407.2892,-407.22147,-407.24896,31.79684
O=C(O)CCCCCCCCCCCCCCC,3.9297128,77.519806,-0.2595612,0.0036514928,0.2633514,1667.9335,0.14853513,-405.0917,-405.16525,-405.13257,-405.1035,32.368652
O=C(O)CCCCCCCCCCCCCCCC,3.804593,79.58518,-0.25875157,0.007440024,0.26625136,1797.5773,0.15650843,-405.41147,-405.47327,-405.46625,-405.358,33.53738
O=C(O)CCCCCCCCCCCCCCCCC,3.6632895,81.52695,-0.25755906,0.01096091,0.26849225,1999.3899,0.16350242,-403.53384,-403.5899,-403.5829,-403.4258,34.75062
O=C(O)CCCCCCCCCCCCCCCCCC,3.4002395,83.31501,-0.25374886,0.014807183,0.26848534,2125.2043,0.17007431,-401.65665,-401.6828,-401.6706,-401.51105,35.88625
O=C(O)CCCCCCCCCCCCCCCCCCC,3.1372354,84.147804,-0.25196138,0.011332356,0.26324683,2245.4724,0.17593305,-400.616,-400.64716,-400.5887,-400.49283,36.77691
O=C(O)CCCCCCCCCCCCCCCCCCCC,2.9869483,85.180084,-0.24901211,0.0060275695,0.255123,2341.8481,0.18185005,-400.038,-400.08688,-399.95813,-399.9605,37.780804
O=C(O)CCCCCCCCCCCCCCCCCCCCC,2.8969917,85.900406,-0.24720106,0.0011447165,0.24848019,2374.979,0.18786205,-398.368,-398.41678,-398.2661,-398.28995,38.320934
O=C(O)CCCCCCCCCCCCCCCCCCCCCC,2.8028266,86.91344,-0.2461817,-0.0023705475,0.24399008,2413.5757,0.1948694,-395.99924,-396.05588,-395.89774,-395.90454,38.907734
O=C(O)CCCCCCCCCCCCCCCCCCCCCCC,2.7076352,87.758156,-0.24554278,-0.0029556807,0.24283132,2438.045,0.2007028,-393.5421,-393.59503,-393.43665,-393.429,39.42135
O=C(O)CCCCCCCCCCCCCCCCCCCCCCCC,2.6062937,88.49571,-0.24500887,-0.0012770239,0.2441615,2500.8901,0.2061011,-392.06732,-392.14346,-391.94748,-391.9792,39.92587
O=C(O)CCCCCCCCCCCCCCCCCCCCCCCCC,2.4823546,89.42716,-0.24477701,0.0033710813,0.248929,2618.2927,0.21180302,-390.44525,-390.58524,-390.31842,-390.42496,40.447372
